cur_block_file_name,linux_file_name,pc_file_name,distract_condition,target_color_condition,back_color_condition,distractor_color_condition,cue_condition,target_condition,correct_response,target_pos_index_condition,MyExps.thisRepN,MyExps.thisTrialN,MyExps.thisN,MyExps.thisIndex,blocks.thisRepN,blocks.thisTrialN,blocks.thisN,blocks.thisIndex,trials.thisRepN,trials.thisTrialN,trials.thisN,trials.thisIndex,tInstr.started,tInstr.stopped,kTrial.keys,kTrial.corr,kTrial.rt,kTrial.started,kTrial.stopped,iTrial.started,iTrial.stopped,tTrial.started,tTrial.stopped,pTrial.started,pTrial.stopped,tPause.started,tPause.stopped,kPause.keys,kPause.rt,kPause.started,kPause.stopped,tEnd.started,tEnd.stopped,kEnd.keys,kEnd.rt,kEnd.started,kEnd.stopped,participant,session,date,expName,psychopyVersion,frameRate,
tBlock01.csv,stimuli/block_01_trial_009.png,stimuli\block_01_trial_009.png,0,"[255, 0, 0]","[0, 0, 0]","[0, 255, 0]",-1,C,slash,8,0,-1,-1,0,0,0,0,0,0,0,0,9,20.596389929996803,None,slash,1,0.9551476690685377,116.15837080206256,None,116.5184227930149,None,116.5184227930149,117.11938296305016,116.15837080206256,116.57047052006237,,,,,,,,,,,,,cindy,001,2020_May_08_1954,popout_cindy,2020.1.2,59.75090778162134,
tBlock01.csv,stimuli/block_01_trial_027.png,stimuli\block_01_trial_027.png,0,"[0, 255, 0]","[0, 0, 0]","[225, 0, 0]",-1,C,slash,7,0,-1,-1,0,0,0,0,0,0,1,1,27,,,slash,1,0.7654217209201306,117.15347768203355,None,117.535094890045,None,117.535094890045,None,117.15347768203355,117.56837630900554,,,,,,,,,,,,,cindy,001,2020_May_08_1954,popout_cindy,2020.1.2,59.75090778162134,
tBlock01.csv,stimuli/block_01_trial_023.png,stimuli\block_01_trial_023.png,0,"[0, 255, 0]","[0, 0, 0]","[225, 0, 0]",-1,D,z,1,0,-1,-1,0,0,0,0,0,0,2,2,23,,,z,1,0.8766151369782165,117.96687465207651,None,118.35176322504412,None,118.35176322504412,None,117.96687465207651,118.3695824710885,,,,,,,,,,,,,cindy,001,2020_May_08_1954,popout_cindy,2020.1.2,59.75090778162134,
tBlock01.csv,stimuli/block_01_trial_001.png,stimuli\block_01_trial_001.png,0,"[255, 0, 0]","[0, 0, 0]","[0, 255, 0]",-1,D,z,2,0,-1,-1,0,0,0,0,0,0,3,3,1,,,z,1,0.8990158799570054,118.88439909706358,None,119.26675434899516,None,119.26675434899516,None,118.88439909706358,119.28355914109852,,,,,,,,,,,,,cindy,001,2020_May_08_1954,popout_cindy,2020.1.2,59.75090778162134,
tBlock01.csv,stimuli/block_01_trial_030.png,stimuli\block_01_trial_030.png,1,"[0, 255, 0]","[0, 0, 0]","[225, 0, 0]",-1,C,slash,5,0,-1,-1,0,0,0,0,0,0,4,4,30,,,slash,1,0.8132801230531186,119.83310852502473,None,120.21661250898615,None,120.21661250898615,None,119.83310852502473,120.23325122206006,,,,,,,,,,,,,cindy,001,2020_May_08_1954,popout_cindy,2020.1.2,59.75090778162134,
tBlock01.csv,stimuli/block_01_trial_032.png,stimuli\block_01_trial_032.png,0,"[0, 255, 0]","[0, 0, 0]","[225, 0, 0]",-1,C,slash,2,0,-1,-1,0,0,0,0,0,0,5,5,32,,,slash,1,0.8141343829920515,120.68418107600883,None,121.0670846659923,None,121.0670846659923,None,120.68418107600883,121.08393246808555,,,,,,,,,,,,,cindy,001,2020_May_08_1954,popout_cindy,2020.1.2,59.75090778162134,
tBlock01.csv,stimuli/block_01_trial_002.png,stimuli\block_01_trial_002.png,0,"[255, 0, 0]","[0, 0, 0]","[0, 255, 0]",-1,D,z,4,0,-1,-1,0,0,0,0,0,0,6,6,2,,,z,1,1.2618146910099313,121.53438637207728,None,121.91743324603885,None,121.91743324603885,122.51862143399194,121.53438637207728,121.93346421408933,,,,,,,,,,,,,cindy,001,2020_May_08_1954,popout_cindy,2020.1.2,59.75090778162134,
tBlock01.csv,stimuli/block_01_trial_004.png,stimuli\block_01_trial_004.png,1,"[0, 255, 0]","[0, 0, 0]","[225, 0, 0]",-1,C,slash,6,0,-1,-1,0,0,0,0,0,0,7,7,4,,,slash,1,0.9718705860432237,122.83440292498562,None,123.21783424902242,122.83440292498562,123.21783424902242,None,122.83440292498562,123.2340331110172,,,,,,,,,,,,,cindy,001,2020_May_08_1954,popout_cindy,2020.1.2,59.75090778162134,
tBlock01.csv,stimuli/block_01_trial_025.png,stimuli\block_01_trial_025.png,1,"[0, 255, 0]","[0, 0, 0]","[225, 0, 0]",-1,D,z,0,0,-1,-1,0,0,0,0,0,0,8,8,25,,,z,1,0.9306933989282697,123.84975625004154,None,124.234703404014,None,124.234703404014,123.84975625004154,123.84975625004154,124.2523101400584,,,,,,,,,,,,,cindy,001,2020_May_08_1954,popout_cindy,2020.1.2,59.75090778162134,
tBlock01.csv,stimuli/block_01_trial_028.png,stimuli\block_01_trial_028.png,1,"[0, 255, 0]","[0, 0, 0]","[225, 0, 0]",-1,D,z,0,0,-1,-1,0,0,0,0,0,0,9,9,28,,,z,1,1.1208920689532533,124.81924512702972,None,125.20094070304185,None,125.20094070304185,125.80060498102102,124.81924512702972,125.23438305698801,,,,,,,,,,,,,cindy,001,2020_May_08_1954,popout_cindy,2020.1.2,59.75090778162134,
tBlock01.csv,stimuli/block_01_trial_015.png,stimuli\block_01_trial_015.png,1,"[0, 255, 0]","[0, 0, 0]","[225, 0, 0]",-1,D,z,6,0,-1,-1,0,0,0,0,0,0,10,10,15,,,z,1,0.8904747168999165,125.9836389530683,None,126.36748391203582,None,126.36748391203582,None,125.9836389530683,126.38438753702212,,,,,,,,,,,,,cindy,001,2020_May_08_1954,popout_cindy,2020.1.2,59.75090778162134,
tBlock01.csv,stimuli/block_01_trial_016.png,stimuli\block_01_trial_016.png,1,"[255, 0, 0]","[0, 0, 0]","[0, 255, 0]",-1,C,slash,7,0,-1,-1,0,0,0,0,0,0,11,11,16,,,z,0,0.879014662001282,126.91710859304294,None,127.30093246104661,None,127.30093246104661,None,126.91710859304294,127.31844082300086,,,,,,,,,,,,,cindy,001,2020_May_08_1954,popout_cindy,2020.1.2,59.75090778162134,
tBlock01.csv,stimuli/block_01_trial_034.png,stimuli\block_01_trial_034.png,1,"[255, 0, 0]","[0, 0, 0]","[0, 255, 0]",-1,C,slash,8,0,-1,-1,0,0,0,0,0,0,12,12,34,,,slash,1,0.8497289969818667,127.83329970401246,None,128.21748757199384,None,128.21748757199384,None,127.83329970401246,128.23605399904773,,,,,,,,,,,,,cindy,001,2020_May_08_1954,popout_cindy,2020.1.2,59.75090778162134,
tBlock01.csv,stimuli/block_01_trial_008.png,stimuli\block_01_trial_008.png,0,"[255, 0, 0]","[0, 0, 0]","[0, 255, 0]",-1,C,slash,8,0,-1,-1,0,0,0,0,0,0,13,13,8,,,slash,1,0.7505409120349213,128.71739738399629,None,129.10026237403508,None,129.10026237403508,None,128.71739738399629,129.11674105201382,,,,,,,,,,,,,cindy,001,2020_May_08_1954,popout_cindy,2020.1.2,59.75090778162134,
tBlock01.csv,stimuli/block_01_trial_000.png,stimuli\block_01_trial_000.png,0,"[255, 0, 0]","[0, 0, 0]","[0, 255, 0]",-1,D,z,6,0,-1,-1,0,0,0,0,0,0,14,14,0,,,z,1,0.7967976030195132,129.5040976679884,None,129.88584051502403,None,129.88584051502403,None,129.5040976679884,129.91780091798864,,,,,,,,,,,,,cindy,001,2020_May_08_1954,popout_cindy,2020.1.2,59.75090778162134,
tBlock01.csv,stimuli/block_01_trial_003.png,stimuli\block_01_trial_003.png,1,"[255, 0, 0]","[0, 0, 0]","[0, 255, 0]",-1,C,slash,4,0,-1,-1,0,0,0,0,0,0,15,15,3,,,slash,1,0.7637649159878492,130.33407170709688,None,130.71720083104447,None,130.71720083104447,None,130.33407170709688,130.73379404400475,,,,,,,,,,,,,cindy,001,2020_May_08_1954,popout_cindy,2020.1.2,59.75090778162134,
tBlock01.csv,stimuli/block_01_trial_018.png,stimuli\block_01_trial_018.png,0,"[0, 255, 0]","[0, 0, 0]","[225, 0, 0]",-1,D,z,1,0,-1,-1,0,0,0,0,0,0,16,16,18,,,z,1,0.9244981410447508,131.1343815580476,None,131.51785578706767,None,131.51785578706767,None,131.1343815580476,131.53392503398936,,,,,,,,,,,,,cindy,001,2020_May_08_1954,popout_cindy,2020.1.2,59.75090778162134,
tBlock01.csv,stimuli/block_01_trial_012.png,stimuli\block_01_trial_012.png,1,"[255, 0, 0]","[0, 0, 0]","[0, 255, 0]",-1,D,z,1,0,-1,-1,0,0,0,0,0,0,17,17,12,,,slash,0,0.7571754030650482,132.10056252300274,None,132.483700987068,None,132.483700987068,None,132.10056252300274,132.50127993500791,,,,,,,,,,,,,cindy,001,2020_May_08_1954,popout_cindy,2020.1.2,59.75090778162134,
tBlock01.csv,stimuli/block_01_trial_007.png,stimuli\block_01_trial_007.png,0,"[255, 0, 0]","[0, 0, 0]","[0, 255, 0]",-1,D,z,4,0,-1,-1,0,0,0,0,0,0,18,18,7,,,z,1,0.9079620559932664,132.90112626599148,None,133.28446204098873,None,133.28446204098873,None,132.90112626599148,133.30069724901114,,,,,,,,,,,,,cindy,001,2020_May_08_1954,popout_cindy,2020.1.2,59.75090778162134,
tBlock01.csv,stimuli/block_01_trial_033.png,stimuli\block_01_trial_033.png,0,"[0, 255, 0]","[0, 0, 0]","[225, 0, 0]",-1,D,z,2,0,-1,-1,0,0,0,0,0,0,19,19,33,,,z,1,0.8206075959606096,133.85115241107997,None,134.23344074899796,None,134.23344074899796,None,133.85115241107997,134.26777920499444,,,,,,,,,,,,,cindy,001,2020_May_08_1954,popout_cindy,2020.1.2,59.75090778162134,
tBlock01.csv,stimuli/block_01_trial_019.png,stimuli\block_01_trial_019.png,1,"[255, 0, 0]","[0, 0, 0]","[0, 255, 0]",-1,C,slash,7,0,-1,-1,0,0,0,0,0,0,20,20,19,,,slash,1,0.8055877441074699,134.717029114021,None,135.10107956104912,None,135.10107956104912,None,134.717029114021,135.11781918804627,,,,,,,,,,,,,cindy,001,2020_May_08_1954,popout_cindy,2020.1.2,59.75090778162134,
tBlock01.csv,stimuli/block_01_trial_024.png,stimuli\block_01_trial_024.png,1,"[255, 0, 0]","[0, 0, 0]","[0, 255, 0]",-1,C,slash,4,0,-1,-1,0,0,0,0,0,0,21,21,24,,,z,0,0.7303344740066677,135.56733246007934,None,135.95008610305376,None,135.95008610305376,None,135.56733246007934,135.96689294604585,,,,,,,,,,,,,cindy,001,2020_May_08_1954,popout_cindy,2020.1.2,59.75090778162134,
tBlock01.csv,stimuli/block_01_trial_006.png,stimuli\block_01_trial_006.png,0,"[0, 255, 0]","[0, 0, 0]","[225, 0, 0]",-1,C,slash,6,0,-1,-1,0,0,0,0,0,0,22,22,6,,,z,0,0.7320532520534471,136.33391451602802,None,136.7169853890082,None,136.7169853890082,None,136.33391451602802,136.73391739907674,,,,,,,,,,,,,cindy,001,2020_May_08_1954,popout_cindy,2020.1.2,59.75090778162134,
tBlock01.csv,stimuli/block_01_trial_029.png,stimuli\block_01_trial_029.png,0,"[255, 0, 0]","[0, 0, 0]","[0, 255, 0]",-1,D,z,5,0,-1,-1,0,0,0,0,0,0,23,23,29,,,z,1,0.8423983789980412,137.1010965590831,None,137.4837196120061,None,137.4837196120061,None,137.1010965590831,137.500740529038,,,,,,,,,,,,,cindy,001,2020_May_08_1954,popout_cindy,2020.1.2,59.75090778162134,
tBlock01.csv,stimuli/block_01_trial_013.png,stimuli\block_01_trial_013.png,0,"[0, 255, 0]","[0, 0, 0]","[225, 0, 0]",-1,C,slash,2,0,-1,-1,0,0,0,0,0,0,24,24,13,,,slash,1,0.7248776250053197,137.9708394370973,None,138.35037052608095,None,138.35037052608095,None,137.9708394370973,138.38431778806262,,,,,,,,,,,,,cindy,001,2020_May_08_1954,popout_cindy,2020.1.2,59.75090778162134,
tBlock01.csv,stimuli/block_01_trial_011.png,stimuli\block_01_trial_011.png,0,"[255, 0, 0]","[0, 0, 0]","[0, 255, 0]",-1,D,z,2,0,-1,-1,0,0,0,0,0,0,25,25,11,,,slash,0,0.7407283959910274,138.73362285306212,None,139.11727013706695,None,139.11727013706695,None,138.73362285306212,139.13387646107003,,,,,,,,,,,,,cindy,001,2020_May_08_1954,popout_cindy,2020.1.2,59.75090778162134,
tBlock01.csv,stimuli/block_01_trial_022.png,stimuli\block_01_trial_022.png,1,"[0, 255, 0]","[0, 0, 0]","[225, 0, 0]",-1,D,z,5,0,-1,-1,0,0,0,0,0,0,26,26,22,,,z,1,0.8270315720001236,139.51731884502806,None,139.88425287103746,None,139.88425287103746,None,139.51731884502806,139.91770300804637,,,,,,,,,,,,,cindy,001,2020_May_08_1954,popout_cindy,2020.1.2,59.75090778162134,
tBlock01.csv,stimuli/block_01_trial_026.png,stimuli\block_01_trial_026.png,0,"[0, 255, 0]","[0, 0, 0]","[225, 0, 0]",-1,C,slash,1,0,-1,-1,0,0,0,0,0,0,27,27,26,,,slash,1,1.1802701139822602,140.38401230308227,None,140.7676751150284,None,140.7676751150284,141.36724314605817,140.38401230308227,140.78392884798814,,,,,,,,,,,,,cindy,001,2020_May_08_1954,popout_cindy,2020.1.2,59.75090778162134,
tBlock01.csv,stimuli/block_01_trial_031.png,stimuli\block_01_trial_031.png,0,"[0, 255, 0]","[0, 0, 0]","[225, 0, 0]",-1,C,slash,8,0,-1,-1,0,0,0,0,0,0,28,28,31,,,slash,1,1.0287536390824243,141.60050034406595,None,141.9837567860959,None,141.9837567860959,142.58366334601305,141.60050034406595,142.0005636390997,,,,,,,,,,,,,cindy,001,2020_May_08_1954,popout_cindy,2020.1.2,59.75090778162134,
tBlock01.csv,stimuli/block_01_trial_010.png,stimuli\block_01_trial_010.png,0,"[255, 0, 0]","[0, 0, 0]","[0, 255, 0]",-1,D,z,1,0,-1,-1,0,0,0,0,0,0,29,29,10,,,z,1,0.8171429398935288,142.66708098398522,None,143.05035765504,None,143.05035765504,None,142.66708098398522,143.06727243203204,,,,,,,,,,,,,cindy,001,2020_May_08_1954,popout_cindy,2020.1.2,59.75090778162134,
tBlock01.csv,stimuli/block_01_trial_005.png,stimuli\block_01_trial_005.png,1,"[255, 0, 0]","[0, 0, 0]","[0, 255, 0]",-1,C,slash,2,0,-1,-1,0,0,0,0,0,0,30,30,5,,,slash,1,0.824314319062978,143.5336303760996,None,143.91710298403632,None,143.91710298403632,None,143.5336303760996,143.9339066700777,,,,,,,,,,,,,cindy,001,2020_May_08_1954,popout_cindy,2020.1.2,59.75090778162134,
tBlock01.csv,stimuli/block_01_trial_021.png,stimuli\block_01_trial_021.png,1,"[0, 255, 0]","[0, 0, 0]","[225, 0, 0]",-1,D,z,2,0,-1,-1,0,0,0,0,0,0,31,31,21,,,slash,0,0.7657562859822065,144.38627239107154,None,144.76772887108382,None,144.76772887108382,None,144.38627239107154,144.80107055208646,,,,,,,,,,,,,cindy,001,2020_May_08_1954,popout_cindy,2020.1.2,59.75090778162134,
tBlock01.csv,stimuli/block_01_trial_014.png,stimuli\block_01_trial_014.png,0,"[255, 0, 0]","[0, 0, 0]","[0, 255, 0]",-1,D,z,8,0,-1,-1,0,0,0,0,0,0,32,32,14,,,None,0,,145.20070312998723,None,145.58386505709495,146.48360405501444,145.58386505709495,146.18340441107284,145.20070312998723,145.6005866250489,,,,,,,,,,,,,cindy,001,2020_May_08_1954,popout_cindy,2020.1.2,59.75090778162134,
tBlock01.csv,stimuli/block_01_trial_017.png,stimuli\block_01_trial_017.png,0,"[255, 0, 0]","[0, 0, 0]","[0, 255, 0]",-1,C,slash,0,0,-1,-1,0,0,0,0,0,0,33,33,17,,,slash,1,1.0830569369718432,147.11776836309582,147.11776836309582,147.5009508150397,None,147.5009508150397,148.10119412001222,147.11776836309582,147.51752962300088,,,,,,,,,,,,,cindy,001,2020_May_08_1954,popout_cindy,2020.1.2,59.75090778162134,
tBlock01.csv,stimuli/block_01_trial_035.png,stimuli\block_01_trial_035.png,1,"[255, 0, 0]","[0, 0, 0]","[0, 255, 0]",-1,D,z,3,0,-1,-1,0,0,0,0,0,0,34,34,35,,,z,1,0.916333497967571,148.23456108605023,None,148.6173500190489,None,148.6173500190489,None,148.23456108605023,148.63422161899507,,,,,,,,,,,,,cindy,001,2020_May_08_1954,popout_cindy,2020.1.2,59.75090778162134,
tBlock01.csv,stimuli/block_01_trial_020.png,stimuli\block_01_trial_020.png,1,"[0, 255, 0]","[0, 0, 0]","[225, 0, 0]",-1,C,slash,6,0,-1,-1,0,0,0,0,0,0,35,35,20,,,z,0,0.8168966540833935,149.20093901304062,None,149.58425288205035,None,149.58425288205035,None,149.20093901304062,149.60096675204113,,,,,,,,,,,,,cindy,001,2020_May_08_1954,popout_cindy,2020.1.2,59.75090778162134,
tBlock01.csv,,,,,,,,,,,0,-1,-1,0,0,0,0,0,,,,,,,,,,,,,,,,,,150.0666228249902,None,space,2.3950705339666456,150.0666228249902,None,,,,,,,cindy,001,2020_May_08_1954,popout_cindy,2020.1.2,59.75090778162134,
tBlock03.csv,stimuli/block_03_trial_092.png,stimuli\block_03_trial_092.png,0,"[0, 255, 0]","[0, 0, 0]","[225, 0, 0]",1,C,slash,7,0,-1,-1,0,0,1,1,2,0,0,0,20,,,slash,1,0.883836263907142,152.50086079305038,None,152.88378213101532,None,152.88378213101532,None,152.50086079305038,152.90090800705366,,,,,,,,,,,,,cindy,001,2020_May_08_1954,popout_cindy,2020.1.2,59.75090778162134,
tBlock03.csv,stimuli/block_03_trial_087.png,stimuli\block_03_trial_087.png,1,"[0, 255, 0]","[0, 0, 0]","[225, 0, 0]",1,D,z,3,0,-1,-1,0,0,1,1,2,0,1,1,15,,,z,1,0.9108902709558606,153.43376526003703,None,153.81750907108653,None,153.81750907108653,None,153.43376526003703,153.83391499507707,,,,,,,,,,,,,cindy,001,2020_May_08_1954,popout_cindy,2020.1.2,59.75090778162134,
tBlock03.csv,stimuli/block_03_trial_099.png,stimuli\block_03_trial_099.png,0,"[0, 255, 0]","[0, 0, 0]","[225, 0, 0]",1,D,z,2,0,-1,-1,0,0,1,1,2,0,2,2,27,,,z,1,0.9144523600116372,154.38421579205897,None,154.76722148701083,None,154.76722148701083,None,154.38421579205897,154.78416254604235,,,,,,,,,,,,,cindy,001,2020_May_08_1954,popout_cindy,2020.1.2,59.75090778162134,
tBlock03.csv,stimuli/block_03_trial_089.png,stimuli\block_03_trial_089.png,1,"[0, 255, 0]","[0, 0, 0]","[225, 0, 0]",1,C,slash,0,0,-1,-1,0,0,1,1,2,0,3,3,17,,,slash,1,0.8803264129674062,155.33420988405123,None,155.71677472803276,None,155.71677472803276,None,155.33420988405123,155.73360752000008,,,,,,,,,,,,,cindy,001,2020_May_08_1954,popout_cindy,2020.1.2,59.75090778162134,
tBlock03.csv,stimuli/block_03_trial_090.png,stimuli\block_03_trial_090.png,0,"[0, 255, 0]","[0, 0, 0]","[225, 0, 0]",1,C,slash,8,0,-1,-1,0,0,1,1,2,0,4,4,18,,,slash,1,0.7640357279451564,156.2504283260787,None,156.63378551299684,None,156.63378551299684,None,156.2504283260787,156.65046191005968,,,,,,,,,,,,,cindy,001,2020_May_08_1954,popout_cindy,2020.1.2,59.75090778162134,
tBlock03.csv,stimuli/block_03_trial_097.png,stimuli\block_03_trial_097.png,0,"[0, 255, 0]","[0, 0, 0]","[225, 0, 0]",1,C,slash,7,0,-1,-1,0,0,1,1,2,0,5,5,25,,,slash,1,0.7904622119385749,157.03700264007784,None,157.41706574708223,None,157.41706574708223,None,157.03700264007784,157.45017274201382,,,,,,,,,,,,,cindy,001,2020_May_08_1954,popout_cindy,2020.1.2,59.75090778162134,
tBlock03.csv,stimuli/block_03_trial_095.png,stimuli\block_03_trial_095.png,0,"[0, 255, 0]","[0, 0, 0]","[225, 0, 0]",1,D,z,4,0,-1,-1,0,0,1,1,2,0,6,6,23,,,z,1,0.8613522300729528,157.8670020850841,None,158.25071341905277,None,158.25071341905277,None,157.8670020850841,158.26693740906194,,,,,,,,,,,,,cindy,001,2020_May_08_1954,popout_cindy,2020.1.2,59.75090778162134,
tBlock03.csv,stimuli/block_03_trial_080.png,stimuli\block_03_trial_080.png,1,"[0, 255, 0]","[0, 0, 0]","[225, 0, 0]",1,D,z,6,0,-1,-1,0,0,1,1,2,0,7,7,8,,,z,1,0.9160092630190775,158.76739172101952,None,159.1503379570786,None,159.1503379570786,None,158.76739172101952,159.16792819008697,,,,,,,,,,,,,cindy,001,2020_May_08_1954,popout_cindy,2020.1.2,59.75090778162134,
tBlock03.csv,stimuli/block_03_trial_078.png,stimuli\block_03_trial_078.png,0,"[0, 255, 0]","[0, 0, 0]","[225, 0, 0]",1,D,z,7,0,-1,-1,0,0,1,1,2,0,8,8,6,,,z,1,1.0364180129254237,159.71672215405852,None,160.1006402981002,None,160.1006402981002,160.70026233501267,159.71672215405852,160.11849243799224,,,,,,,,,,,,,cindy,001,2020_May_08_1954,popout_cindy,2020.1.2,59.75090778162134,
tBlock03.csv,stimuli/block_03_trial_103.png,stimuli\block_03_trial_103.png,1,"[0, 255, 0]","[0, 0, 0]","[225, 0, 0]",1,C,slash,3,0,-1,-1,0,0,1,1,2,0,9,9,31,,,slash,1,0.863269020919688,160.79995437408797,None,161.18404023104813,None,161.18404023104813,None,160.79995437408797,161.20061972399708,,,,,,,,,,,,,cindy,001,2020_May_08_1954,popout_cindy,2020.1.2,59.75090778162134,
tBlock03.csv,stimuli/block_03_trial_091.png,stimuli\block_03_trial_091.png,0,"[0, 255, 0]","[0, 0, 0]","[225, 0, 0]",1,C,slash,3,0,-1,-1,0,0,1,1,2,0,10,10,19,,,z,0,0.7609263099730015,161.70029323000927,None,162.08359756099526,None,162.08359756099526,None,161.70029323000927,162.10097383405082,,,,,,,,,,,,,cindy,001,2020_May_08_1954,popout_cindy,2020.1.2,59.75090778162134,
tBlock03.csv,stimuli/block_03_trial_106.png,stimuli\block_03_trial_106.png,0,"[0, 255, 0]","[0, 0, 0]","[225, 0, 0]",1,D,z,4,0,-1,-1,0,0,1,1,2,0,11,11,34,,,z,1,0.814872800023295,162.500285656075,None,162.8836844600737,None,162.8836844600737,None,162.500285656075,162.9017019229941,,,,,,,,,,,,,cindy,001,2020_May_08_1954,popout_cindy,2020.1.2,59.75090778162134,
tBlock03.csv,stimuli/block_03_trial_104.png,stimuli\block_03_trial_104.png,1,"[0, 255, 0]","[0, 0, 0]","[225, 0, 0]",1,C,slash,7,0,-1,-1,0,0,1,1,2,0,12,12,32,,,slash,1,0.9525065589696169,163.35069088509772,None,163.73356060800143,None,163.73356060800143,None,163.35069088509772,163.74979898298625,,,,,,,,,,,,,cindy,001,2020_May_08_1954,popout_cindy,2020.1.2,59.75090778162134,
tBlock03.csv,stimuli/block_03_trial_086.png,stimuli\block_03_trial_086.png,0,"[0, 255, 0]","[0, 0, 0]","[225, 0, 0]",1,D,z,4,0,-1,-1,0,0,1,1,2,0,13,13,14,,,z,1,0.841374195064418,164.34973742300645,None,164.73358223005198,None,164.73358223005198,164.34973742300645,164.34973742300645,164.7504844700452,,,,,,,,,,,,,cindy,001,2020_May_08_1954,popout_cindy,2020.1.2,59.75090778162134,
tBlock03.csv,stimuli/block_03_trial_082.png,stimuli\block_03_trial_082.png,0,"[0, 255, 0]","[0, 0, 0]","[225, 0, 0]",1,C,slash,7,0,-1,-1,0,0,1,1,2,0,14,14,10,,,slash,1,0.6396720960037783,165.2336894790642,None,165.6174544020323,None,165.6174544020323,None,165.2336894790642,165.63407362799626,,,,,,,,,,,,,cindy,001,2020_May_08_1954,popout_cindy,2020.1.2,59.75090778162134,
tBlock03.csv,stimuli/block_03_trial_105.png,stimuli\block_03_trial_105.png,0,"[0, 255, 0]","[0, 0, 0]","[225, 0, 0]",1,D,z,8,0,-1,-1,0,0,1,1,2,0,15,15,33,,,slash,0,1.0550457698991522,165.916895819013,None,166.30074930004776,None,166.30074930004776,166.90072086208966,165.916895819013,166.3173116480466,,,,,,,,,,,,,cindy,001,2020_May_08_1954,popout_cindy,2020.1.2,59.75090778162134,
tBlock03.csv,stimuli/block_03_trial_101.png,stimuli\block_03_trial_101.png,1,"[0, 255, 0]","[0, 0, 0]","[225, 0, 0]",1,C,slash,3,0,-1,-1,0,0,1,1,2,0,16,16,29,,,z,0,0.7861030959757045,167.0169807060156,None,167.40060332708526,None,167.40060332708526,None,167.0169807060156,167.41729112702888,,,,,,,,,,,,,cindy,001,2020_May_08_1954,popout_cindy,2020.1.2,59.75090778162134,
tBlock03.csv,stimuli/block_03_trial_084.png,stimuli\block_03_trial_084.png,0,"[0, 255, 0]","[0, 0, 0]","[225, 0, 0]",1,D,z,2,0,-1,-1,0,0,1,1,2,0,17,17,12,,,slash,0,0.8233484330121428,167.85063637502026,None,168.2335741330171,None,168.2335741330171,None,167.85063637502026,168.25062760908622,,,,,,,,,,,,,cindy,001,2020_May_08_1954,popout_cindy,2020.1.2,59.75090778162134,
tBlock03.csv,stimuli/block_03_trial_107.png,stimuli\block_03_trial_107.png,1,"[0, 255, 0]","[0, 0, 0]","[225, 0, 0]",1,C,slash,1,0,-1,-1,0,0,1,1,2,0,18,18,35,,,z,0,0.8561468910193071,168.71671724307816,None,169.10072222200688,None,169.10072222200688,None,168.71671724307816,169.11734816699754,,,,,,,,,,,,,cindy,001,2020_May_08_1954,popout_cindy,2020.1.2,59.75090778162134,
tBlock03.csv,stimuli/block_03_trial_072.png,stimuli\block_03_trial_072.png,1,"[0, 255, 0]","[0, 0, 0]","[225, 0, 0]",1,C,slash,1,0,-1,-1,0,0,1,1,2,0,19,19,0,,,z,0,1.0784651319263503,169.6173264210811,None,169.99966261105146,None,169.99966261105146,170.60059827007353,169.6173264210811,170.0163371550152,,,,,,,,,,,,,cindy,001,2020_May_08_1954,popout_cindy,2020.1.2,59.75090778162134,
tBlock03.csv,stimuli/block_03_trial_094.png,stimuli\block_03_trial_094.png,1,"[0, 255, 0]","[0, 0, 0]","[225, 0, 0]",1,C,slash,0,0,-1,-1,0,0,1,1,2,0,20,20,22,,,slash,1,1.4454346930142492,170.7332798599964,None,171.11732168705203,172.01749996107537,171.11732168705203,171.71669350203592,170.7332798599964,171.13390577305108,,,,,,,,,,,,,cindy,001,2020_May_08_1954,popout_cindy,2020.1.2,59.75090778162134,
tBlock03.csv,stimuli/block_03_trial_088.png,stimuli\block_03_trial_088.png,0,"[0, 255, 0]","[0, 0, 0]","[225, 0, 0]",1,C,slash,5,0,-1,-1,0,0,1,1,2,0,21,21,16,,,slash,1,0.7488205360714346,172.21686733909883,None,172.6001670610858,None,172.6001670610858,None,172.21686733909883,172.6167489180807,,,,,,,,,,,,,cindy,001,2020_May_08_1954,popout_cindy,2020.1.2,59.75090778162134,
tBlock03.csv,stimuli/block_03_trial_085.png,stimuli\block_03_trial_085.png,1,"[0, 255, 0]","[0, 0, 0]","[225, 0, 0]",1,D,z,1,0,-1,-1,0,0,1,1,2,0,22,22,13,,,z,1,0.9518077380489558,173.00019729300402,None,173.384060521028,None,173.384060521028,None,173.00019729300402,173.4006060200045,,,,,,,,,,,,,cindy,001,2020_May_08_1954,popout_cindy,2020.1.2,59.75090778162134,
tBlock03.csv,stimuli/block_03_trial_081.png,stimuli\block_03_trial_081.png,1,"[0, 255, 0]","[0, 0, 0]","[225, 0, 0]",1,D,z,3,0,-1,-1,0,0,1,1,2,0,23,23,9,,,slash,0,1.290484521072358,173.99925114400685,None,174.3839845500188,175.28386652108748,174.3839845500188,174.9831114350818,173.99925114400685,174.40065305901226,,,,,,,,,,,,,cindy,001,2020_May_08_1954,popout_cindy,2020.1.2,59.75090778162134,
tBlock03.csv,stimuli/block_03_trial_074.png,stimuli\block_03_trial_074.png,0,"[0, 255, 0]","[0, 0, 0]","[225, 0, 0]",1,D,z,0,0,-1,-1,0,0,1,1,2,0,24,24,2,,,slash,0,0.8142490539466962,175.33326469303574,None,175.71665928908624,None,175.71665928908624,None,175.33326469303574,175.73323665105272,,,,,,,,,,,,,cindy,001,2020_May_08_1954,popout_cindy,2020.1.2,59.75090778162134,
tBlock03.csv,stimuli/block_03_trial_100.png,stimuli\block_03_trial_100.png,0,"[0, 255, 0]","[0, 0, 0]","[225, 0, 0]",1,D,z,3,0,-1,-1,0,0,1,1,2,0,25,25,28,,,z,1,0.8337620729580522,176.18371179909445,None,176.5663609500043,None,176.5663609500043,None,176.18371179909445,176.5830161779886,,,,,,,,,,,,,cindy,001,2020_May_08_1954,popout_cindy,2020.1.2,59.75090778162134,
tBlock03.csv,stimuli/block_03_trial_076.png,stimuli\block_03_trial_076.png,0,"[0, 255, 0]","[0, 0, 0]","[225, 0, 0]",1,C,slash,0,0,-1,-1,0,0,1,1,2,0,26,26,4,,,slash,1,0.7868517839815468,177.05165828904137,None,177.43338802899234,None,177.43338802899234,None,177.05165828904137,177.46724188607186,,,,,,,,,,,,,cindy,001,2020_May_08_1954,popout_cindy,2020.1.2,59.75090778162134,
tBlock03.csv,stimuli/block_03_trial_073.png,stimuli\block_03_trial_073.png,0,"[0, 255, 0]","[0, 0, 0]","[225, 0, 0]",1,D,z,0,0,-1,-1,0,0,1,1,2,0,27,27,1,,,slash,0,0.7488591889850795,177.88351166399661,None,178.2672426860081,None,178.2672426860081,None,177.88351166399661,178.28374455007724,,,,,,,,,,,,,cindy,001,2020_May_08_1954,popout_cindy,2020.1.2,59.75090778162134,
tBlock03.csv,stimuli/block_03_trial_098.png,stimuli\block_03_trial_098.png,1,"[0, 255, 0]","[0, 0, 0]","[225, 0, 0]",1,D,z,3,0,-1,-1,0,0,1,1,2,0,28,28,26,,,z,1,0.9768505729734898,178.66644801106304,None,179.0504803369986,None,179.0504803369986,179.65247431700118,178.66644801106304,179.06667723704595,,,,,,,,,,,,,cindy,001,2020_May_08_1954,popout_cindy,2020.1.2,59.75090778162134,
tBlock03.csv,stimuli/block_03_trial_096.png,stimuli\block_03_trial_096.png,1,"[0, 255, 0]","[0, 0, 0]","[225, 0, 0]",1,C,slash,3,0,-1,-1,0,0,1,1,2,0,29,29,24,,,slash,1,0.8511850839713588,179.68312449299265,None,180.06698242307175,None,180.06698242307175,None,179.68312449299265,180.08394369506277,,,,,,,,,,,,,cindy,001,2020_May_08_1954,popout_cindy,2020.1.2,59.75090778162134,
tBlock03.csv,stimuli/block_03_trial_077.png,stimuli\block_03_trial_077.png,1,"[0, 255, 0]","[0, 0, 0]","[225, 0, 0]",1,D,z,2,0,-1,-1,0,0,1,1,2,0,30,30,5,,,slash,0,1.1810962749877945,180.5831120699877,None,180.9667476960458,None,180.9667476960458,181.56653051800095,180.5831120699877,180.9831716150511,,,,,,,,,,,,,cindy,001,2020_May_08_1954,popout_cindy,2020.1.2,59.75090778162134,
tBlock03.csv,stimuli/block_03_trial_102.png,stimuli\block_03_trial_102.png,1,"[0, 255, 0]","[0, 0, 0]","[225, 0, 0]",1,C,slash,7,0,-1,-1,0,0,1,1,2,0,31,31,30,,,slash,1,1.4790120150428265,181.8002042149892,None,182.1836690310156,183.0839153130073,182.1836690310156,182.78318116103765,181.8002042149892,182.20035553805064,,,,,,,,,,,,,cindy,001,2020_May_08_1954,popout_cindy,2020.1.2,59.75090778162134,
tBlock03.csv,stimuli/block_03_trial_075.png,stimuli\block_03_trial_075.png,0,"[0, 255, 0]","[0, 0, 0]","[225, 0, 0]",1,C,slash,1,0,-1,-1,0,0,1,1,2,0,32,32,3,,,slash,1,0.7609153140801936,183.31723151204642,None,183.700233892072,None,183.700233892072,None,183.31723151204642,183.7163339810213,,,,,,,,,,,,,cindy,001,2020_May_08_1954,popout_cindy,2020.1.2,59.75090778162134,
tBlock03.csv,stimuli/block_03_trial_079.png,stimuli\block_03_trial_079.png,1,"[0, 255, 0]","[0, 0, 0]","[225, 0, 0]",1,D,z,8,0,-1,-1,0,0,1,1,2,0,33,33,7,,,slash,0,0.774353751912713,184.11677537101787,None,184.49987525201868,None,184.49987525201868,None,184.11677537101787,184.5169825500343,,,,,,,,,,,,,cindy,001,2020_May_08_1954,popout_cindy,2020.1.2,59.75090778162134,
tBlock03.csv,stimuli/block_03_trial_093.png,stimuli\block_03_trial_093.png,0,"[0, 255, 0]","[0, 0, 0]","[225, 0, 0]",1,D,z,5,0,-1,-1,0,0,1,1,2,0,34,34,21,,,z,1,0.8064100049668923,184.9336227370659,None,185.31716147705447,None,185.31716147705447,None,184.9336227370659,185.33314332307782,,,,,,,,,,,,,cindy,001,2020_May_08_1954,popout_cindy,2020.1.2,59.75090778162134,
tBlock03.csv,stimuli/block_03_trial_083.png,stimuli\block_03_trial_083.png,1,"[0, 255, 0]","[0, 0, 0]","[225, 0, 0]",1,D,z,4,0,-1,-1,0,0,1,1,2,0,35,35,11,,,slash,0,0.829979517031461,185.76901756809093,None,186.14940397103783,None,186.14940397103783,None,185.76901756809093,186.182989154011,,,,,,,,,,,,,cindy,001,2020_May_08_1954,popout_cindy,2020.1.2,59.75090778162134,
tBlock03.csv,,,,,,,,,,,0,-1,-1,0,0,1,1,2,,,,,,,,,,,,,,,,,,186.63300398900174,None,space,1.5628993079299107,186.63300398900174,None,,,,,,,cindy,001,2020_May_08_1954,popout_cindy,2020.1.2,59.75090778162134,
tBlock02.csv,stimuli/block_02_trial_044.png,stimuli\block_02_trial_044.png,1,"[255, 0, 0]","[0, 0, 0]","[0, 255, 0]",0,C,slash,6,0,-1,-1,0,0,2,2,1,0,0,0,8,,,z,0,0.963695741025731,188.23326425405685,None,188.6167091850657,None,188.6167091850657,None,188.23326425405685,188.63367836608086,,,,,,,,,,,,,cindy,001,2020_May_08_1954,popout_cindy,2020.1.2,59.75090778162134,
tBlock02.csv,stimuli/block_02_trial_052.png,stimuli\block_02_trial_052.png,1,"[255, 0, 0]","[0, 0, 0]","[0, 255, 0]",0,D,z,3,0,-1,-1,0,0,2,2,1,0,1,1,16,,,slash,0,1.1370415600249544,189.23370711307507,None,189.61674957501236,None,189.61674957501236,190.2178593010176,189.23370711307507,189.6333378800191,,,,,,,,,,,,,cindy,001,2020_May_08_1954,popout_cindy,2020.1.2,59.75090778162134,
tBlock02.csv,stimuli/block_02_trial_068.png,stimuli\block_02_trial_068.png,1,"[255, 0, 0]","[0, 0, 0]","[0, 255, 0]",0,D,z,5,0,-1,-1,0,0,2,2,1,0,2,2,32,,,z,1,0.8897440279833972,190.41704986407422,None,190.79996476799715,None,190.79996476799715,None,190.41704986407422,190.81667831307277,,,,,,,,,,,,,cindy,001,2020_May_08_1954,popout_cindy,2020.1.2,59.75090778162134,
tBlock02.csv,stimuli/block_02_trial_055.png,stimuli\block_02_trial_055.png,1,"[255, 0, 0]","[0, 0, 0]","[0, 255, 0]",0,C,slash,7,0,-1,-1,0,0,2,2,1,0,3,3,19,,,None,0,,191.35067027807236,None,191.73304337798618,192.63361394405365,191.73304337798618,192.3331363670295,191.35067027807236,191.74981169600505,,,,,,,,,,,,,cindy,001,2020_May_08_1954,popout_cindy,2020.1.2,59.75090778162134,
tBlock02.csv,stimuli/block_02_trial_050.png,stimuli\block_02_trial_050.png,0,"[255, 0, 0]","[0, 0, 0]","[0, 255, 0]",0,D,z,8,0,-1,-1,0,0,2,2,1,0,4,4,14,,,z,1,0.9921928819967434,193.26651595707517,193.26651595707517,193.65055230003782,None,193.65055230003782,194.2499149790965,193.26651595707517,193.66666350804735,,,,,,,,,,,,,cindy,001,2020_May_08_1954,popout_cindy,2020.1.2,59.75090778162134,
tBlock02.csv,stimuli/block_02_trial_063.png,stimuli\block_02_trial_063.png,1,"[255, 0, 0]","[0, 0, 0]","[0, 255, 0]",0,D,z,6,0,-1,-1,0,0,2,2,1,0,5,5,27,,,z,1,0.986077839974314,194.29956072603818,None,194.6837083910359,None,194.6837083910359,195.28377315599937,194.29956072603818,194.70021720603108,,,,,,,,,,,,,cindy,001,2020_May_08_1954,popout_cindy,2020.1.2,59.75090778162134,
tBlock02.csv,stimuli/block_02_trial_070.png,stimuli\block_02_trial_070.png,0,"[255, 0, 0]","[0, 0, 0]","[0, 255, 0]",0,D,z,5,0,-1,-1,0,0,2,2,1,0,6,6,34,,,z,1,0.8577616580296308,195.3337425760692,None,195.71621025702916,None,195.71621025702916,None,195.3337425760692,195.73301764100324,,,,,,,,,,,,,cindy,001,2020_May_08_1954,popout_cindy,2020.1.2,59.75090778162134,
tBlock02.csv,stimuli/block_02_trial_060.png,stimuli\block_02_trial_060.png,0,"[255, 0, 0]","[0, 0, 0]","[0, 255, 0]",0,D,z,7,0,-1,-1,0,0,2,2,1,0,7,7,24,,,slash,0,0.843795188004151,196.2336129260948,None,196.6165427280357,None,196.6165427280357,None,196.2336129260948,196.6335737660993,,,,,,,,,,,,,cindy,001,2020_May_08_1954,popout_cindy,2020.1.2,59.75090778162134,
tBlock02.csv,stimuli/block_02_trial_048.png,stimuli\block_02_trial_048.png,0,"[255, 0, 0]","[0, 0, 0]","[0, 255, 0]",0,D,z,3,0,-1,-1,0,0,2,2,1,0,8,8,12,,,z,1,0.9766475929645821,197.11675765900873,None,197.50017806398682,None,197.50017806398682,198.09908818406984,197.11675765900873,197.51691711007152,,,,,,,,,,,,,cindy,001,2020_May_08_1954,popout_cindy,2020.1.2,59.75090778162134,
tBlock02.csv,stimuli/block_02_trial_064.png,stimuli\block_02_trial_064.png,0,"[255, 0, 0]","[0, 0, 0]","[0, 255, 0]",0,D,z,0,0,-1,-1,0,0,2,2,1,0,9,9,28,,,z,1,0.8393233480164781,198.13301685103215,None,198.5168706930708,None,198.5168706930708,None,198.13301685103215,198.53347348002717,,,,,,,,,,,,,cindy,001,2020_May_08_1954,popout_cindy,2020.1.2,59.75090778162134,
tBlock02.csv,stimuli/block_02_trial_066.png,stimuli\block_02_trial_066.png,1,"[255, 0, 0]","[0, 0, 0]","[0, 255, 0]",0,D,z,0,0,-1,-1,0,0,2,2,1,0,10,10,30,,,z,1,0.8879759300034493,199.01631285704207,None,199.40007764508482,None,199.40007764508482,None,199.01631285704207,199.4169707710389,,,,,,,,,,,,,cindy,001,2020_May_08_1954,popout_cindy,2020.1.2,59.75090778162134,
tBlock02.csv,stimuli/block_02_trial_047.png,stimuli\block_02_trial_047.png,1,"[255, 0, 0]","[0, 0, 0]","[0, 255, 0]",0,C,slash,4,0,-1,-1,0,0,2,2,1,0,11,11,11,,,slash,1,0.7718834020197392,199.95038014801685,None,200.3334188690642,None,200.3334188690642,None,199.95038014801685,200.35271097603254,,,,,,,,,,,,,cindy,001,2020_May_08_1954,popout_cindy,2020.1.2,59.75090778162134,
tBlock02.csv,stimuli/block_02_trial_056.png,stimuli\block_02_trial_056.png,1,"[255, 0, 0]","[0, 0, 0]","[0, 255, 0]",0,C,slash,8,0,-1,-1,0,0,2,2,1,0,12,12,20,,,slash,1,0.8667885679751635,200.76651592401322,None,201.1499467000831,None,201.1499467000831,None,200.76651592401322,201.166461172048,,,,,,,,,,,,,cindy,001,2020_May_08_1954,popout_cindy,2020.1.2,59.75090778162134,
tBlock02.csv,stimuli/block_02_trial_067.png,stimuli\block_02_trial_067.png,1,"[255, 0, 0]","[0, 0, 0]","[0, 255, 0]",0,D,z,4,0,-1,-1,0,0,2,2,1,0,13,13,31,,,z,1,0.7532160489354283,201.6834845840931,None,202.06667881004978,None,202.06667881004978,None,201.6834845840931,202.0835172230145,,,,,,,,,,,,,cindy,001,2020_May_08_1954,popout_cindy,2020.1.2,59.75090778162134,
tBlock02.csv,stimuli/block_02_trial_036.png,stimuli\block_02_trial_036.png,1,"[255, 0, 0]","[0, 0, 0]","[0, 255, 0]",0,C,slash,5,0,-1,-1,0,0,2,2,1,0,14,14,0,,,slash,1,0.8166791759431362,202.4827658639988,None,202.86631557100918,None,202.86631557100918,None,202.4827658639988,202.88363225304056,,,,,,,,,,,,,cindy,001,2020_May_08_1954,popout_cindy,2020.1.2,59.75090778162134,
tBlock02.csv,stimuli/block_02_trial_053.png,stimuli\block_02_trial_053.png,1,"[255, 0, 0]","[0, 0, 0]","[0, 255, 0]",0,D,z,5,0,-1,-1,0,0,2,2,1,0,15,15,17,,,z,1,0.8940353520447388,203.33309352304786,None,203.71609851904213,None,203.71609851904213,None,203.33309352304786,203.73254854406696,,,,,,,,,,,,,cindy,001,2020_May_08_1954,popout_cindy,2020.1.2,59.75090778162134,
tBlock02.csv,stimuli/block_02_trial_046.png,stimuli\block_02_trial_046.png,1,"[255, 0, 0]","[0, 0, 0]","[0, 255, 0]",0,C,slash,0,0,-1,-1,0,0,2,2,1,0,16,16,10,,,slash,1,0.8063033239450306,204.26671769702807,None,204.65072084707208,None,204.65072084707208,None,204.26671769702807,204.66612239007372,,,,,,,,,,,,,cindy,001,2020_May_08_1954,popout_cindy,2020.1.2,59.75090778162134,
tBlock02.csv,stimuli/block_02_trial_049.png,stimuli\block_02_trial_049.png,0,"[255, 0, 0]","[0, 0, 0]","[0, 255, 0]",0,C,slash,7,0,-1,-1,0,0,2,2,1,0,17,17,13,,,slash,1,0.7485361689468846,205.11675739299972,None,205.50003573007416,None,205.50003573007416,None,205.11675739299972,205.51677840808406,,,,,,,,,,,,,cindy,001,2020_May_08_1954,popout_cindy,2020.1.2,59.75090778162134,
tBlock02.csv,stimuli/block_02_trial_045.png,stimuli\block_02_trial_045.png,0,"[255, 0, 0]","[0, 0, 0]","[0, 255, 0]",0,D,z,8,0,-1,-1,0,0,2,2,1,0,18,18,9,,,z,1,1.0289467429975048,205.88596032606438,None,206.26652700500563,None,206.26652700500563,206.8663999850396,205.88596032606438,206.30010277905967,,,,,,,,,,,,,cindy,001,2020_May_08_1954,popout_cindy,2020.1.2,59.75090778162134,
tBlock02.csv,stimuli/block_02_trial_038.png,stimuli\block_02_trial_038.png,0,"[255, 0, 0]","[0, 0, 0]","[0, 255, 0]",0,D,z,5,0,-1,-1,0,0,2,2,1,0,19,19,2,,,slash,0,0.9303175319219008,206.94958125404082,None,207.33349116705358,None,207.33349116705358,None,206.94958125404082,207.3501479650149,,,,,,,,,,,,,cindy,001,2020_May_08_1954,popout_cindy,2020.1.2,59.75090778162134,
tBlock02.csv,stimuli/block_02_trial_043.png,stimuli\block_02_trial_043.png,0,"[255, 0, 0]","[0, 0, 0]","[0, 255, 0]",0,D,z,4,0,-1,-1,0,0,2,2,1,0,20,20,7,,,z,1,0.8440568179357797,207.916731000063,None,208.30000095407013,None,208.30000095407013,None,207.916731000063,208.31673697498627,,,,,,,,,,,,,cindy,001,2020_May_08_1954,popout_cindy,2020.1.2,59.75090778162134,
tBlock02.csv,stimuli/block_02_trial_051.png,stimuli\block_02_trial_051.png,0,"[255, 0, 0]","[0, 0, 0]","[0, 255, 0]",0,C,slash,6,0,-1,-1,0,0,2,2,1,0,21,21,15,,,slash,1,1.0161372720031068,208.79964903008658,None,209.18298672605306,None,209.18298672605306,209.78342471108772,208.79964903008658,209.19975065102335,,,,,,,,,,,,,cindy,001,2020_May_08_1954,popout_cindy,2020.1.2,59.75090778162134,
tBlock02.csv,stimuli/block_02_trial_058.png,stimuli\block_02_trial_058.png,1,"[255, 0, 0]","[0, 0, 0]","[0, 255, 0]",0,C,slash,6,0,-1,-1,0,0,2,2,1,0,22,22,22,,,None,0,,209.84990432905033,None,210.23298701504245,211.1329594810959,210.23298701504245,210.83290606900118,209.84990432905033,210.249710016069,,,,,,,,,,,,,cindy,001,2020_May_08_1954,popout_cindy,2020.1.2,59.75090778162134,
tBlock02.csv,stimuli/block_02_trial_037.png,stimuli\block_02_trial_037.png,0,"[255, 0, 0]","[0, 0, 0]","[0, 255, 0]",0,C,slash,0,0,-1,-1,0,0,2,2,1,0,23,23,1,,,z,0,0.8293381339171901,211.76633425604086,211.76633425604086,212.14960647700354,None,212.14960647700354,None,211.76633425604086,212.16672618000302,,,,,,,,,,,,,cindy,001,2020_May_08_1954,popout_cindy,2020.1.2,59.75090778162134,
tBlock02.csv,stimuli/block_02_trial_040.png,stimuli\block_02_trial_040.png,1,"[255, 0, 0]","[0, 0, 0]","[0, 255, 0]",0,C,slash,2,0,-1,-1,0,0,2,2,1,0,24,24,4,,,slash,1,0.0663456319598481,212.6332762420643,None,None,None,None,None,212.6332762420643,None,,,,,,,,,,,,,cindy,001,2020_May_08_1954,popout_cindy,2020.1.2,59.75090778162134,
tBlock02.csv,stimuli/block_02_trial_054.png,stimuli\block_02_trial_054.png,1,"[255, 0, 0]","[0, 0, 0]","[0, 255, 0]",0,D,z,1,0,-1,-1,0,0,2,2,1,0,25,25,18,,,z,1,1.0445612829644233,212.7330461239908,None,213.11649355001282,None,213.11649355001282,213.7163180820644,212.7330461239908,213.1331996540539,,,,,,,,,,,,,cindy,001,2020_May_08_1954,popout_cindy,2020.1.2,59.75090778162134,
tBlock02.csv,stimuli/block_02_trial_065.png,stimuli\block_02_trial_065.png,1,"[255, 0, 0]","[0, 0, 0]","[0, 255, 0]",0,D,z,2,0,-1,-1,0,0,2,2,1,0,26,26,29,,,z,1,0.850047676009126,213.81651573209092,None,214.20001999707893,None,214.20001999707893,None,213.81651573209092,214.21656251803506,,,,,,,,,,,,,cindy,001,2020_May_08_1954,popout_cindy,2020.1.2,59.75090778162134,
tBlock02.csv,stimuli/block_02_trial_041.png,stimuli\block_02_trial_041.png,0,"[255, 0, 0]","[0, 0, 0]","[0, 255, 0]",0,C,slash,5,0,-1,-1,0,0,2,2,1,0,27,27,5,,,slash,1,0.8021120550110936,214.71626664709765,None,215.09983842109796,None,215.09983842109796,None,214.71626664709765,215.1165665690787,,,,,,,,,,,,,cindy,001,2020_May_08_1954,popout_cindy,2020.1.2,59.75090778162134,
tBlock02.csv,stimuli/block_02_trial_057.png,stimuli\block_02_trial_057.png,1,"[255, 0, 0]","[0, 0, 0]","[0, 255, 0]",0,C,slash,1,0,-1,-1,0,0,2,2,1,0,28,28,21,,,z,0,0.7801891249837354,215.56655393599067,None,215.94965432106983,None,215.94965432106983,None,215.56655393599067,215.96653482608963,,,,,,,,,,,,,cindy,001,2020_May_08_1954,popout_cindy,2020.1.2,59.75090778162134,
tBlock02.csv,stimuli/block_02_trial_042.png,stimuli\block_02_trial_042.png,0,"[255, 0, 0]","[0, 0, 0]","[0, 255, 0]",0,D,z,8,0,-1,-1,0,0,2,2,1,0,29,29,6,,,slash,0,0.8562213389668614,216.383211143082,None,216.7665386419976,None,216.7665386419976,None,216.383211143082,216.78326484607533,,,,,,,,,,,,,cindy,001,2020_May_08_1954,popout_cindy,2020.1.2,59.75090778162134,
tBlock02.csv,stimuli/block_02_trial_059.png,stimuli\block_02_trial_059.png,0,"[255, 0, 0]","[0, 0, 0]","[0, 255, 0]",0,C,slash,1,0,-1,-1,0,0,2,2,1,0,30,30,23,,,z,0,1.0111015799921006,217.28325348498765,None,217.66628683602903,None,217.66628683602903,218.26554901502095,217.28325348498765,217.68315269809682,,,,,,,,,,,,,cindy,001,2020_May_08_1954,popout_cindy,2020.1.2,59.75090778162134,
tBlock02.csv,stimuli/block_02_trial_071.png,stimuli\block_02_trial_071.png,1,"[255, 0, 0]","[0, 0, 0]","[0, 255, 0]",0,C,slash,5,0,-1,-1,0,0,2,2,1,0,31,31,35,,,slash,1,0.9724221710348502,218.3328155860072,None,218.71605004603043,None,218.71605004603043,219.31572173605673,218.3328155860072,218.73275715403724,,,,,,,,,,,,,cindy,001,2020_May_08_1954,popout_cindy,2020.1.2,59.75090778162134,
tBlock02.csv,stimuli/block_02_trial_069.png,stimuli\block_02_trial_069.png,1,"[255, 0, 0]","[0, 0, 0]","[0, 255, 0]",0,C,slash,6,0,-1,-1,0,0,2,2,1,0,32,32,33,,,slash,1,0.9283307529985905,219.3499843319878,None,219.7333196150139,None,219.7333196150139,None,219.3499843319878,219.75013926101383,,,,,,,,,,,,,cindy,001,2020_May_08_1954,popout_cindy,2020.1.2,59.75090778162134,
tBlock02.csv,stimuli/block_02_trial_039.png,stimuli\block_02_trial_039.png,1,"[255, 0, 0]","[0, 0, 0]","[0, 255, 0]",0,C,slash,6,0,-1,-1,0,0,2,2,1,0,33,33,3,,,slash,1,0.7776293640490621,220.31655637803487,None,220.69989293103572,None,220.69989293103572,None,220.31655637803487,220.71590890700463,,,,,,,,,,,,,cindy,001,2020_May_08_1954,popout_cindy,2020.1.2,59.75090778162134,
tBlock02.csv,stimuli/block_02_trial_062.png,stimuli\block_02_trial_062.png,1,"[255, 0, 0]","[0, 0, 0]","[0, 255, 0]",0,C,slash,3,0,-1,-1,0,0,2,2,1,0,34,34,26,,,slash,1,0.8170924389269203,221.1333472430706,None,221.51647779298946,None,221.51647779298946,None,221.1333472430706,221.53318832605146,,,,,,,,,,,,,cindy,001,2020_May_08_1954,popout_cindy,2020.1.2,59.75090778162134,
tBlock02.csv,stimuli/block_02_trial_061.png,stimuli\block_02_trial_061.png,0,"[255, 0, 0]","[0, 0, 0]","[0, 255, 0]",0,C,slash,4,0,-1,-1,0,0,2,2,1,0,35,35,25,,,slash,1,0.8416824500309303,221.99936366302427,None,222.38283797900658,None,222.38283797900658,None,221.99936366302427,222.39980533206835,,,,,,,,,,,,,cindy,001,2020_May_08_1954,popout_cindy,2020.1.2,59.75090778162134,
tBlock02.csv,,,,,,,,,,,0,-1,-1,0,0,2,2,1,,,,,,,,,,,,,,,,,,222.88320248108357,None,space,1.2018308530095965,222.88320248108357,None,,,,,,,cindy,001,2020_May_08_1954,popout_cindy,2020.1.2,59.75090778162134,
,,,,,,,,,,,0,-1,-1,0,,,,,,,,,,,,,,,,,,,,,,,,,,,,224.11581184202805,None,space,2.273217751062475,224.11581184202805,None,cindy,001,2020_May_08_1954,popout_cindy,2020.1.2,59.75090778162134,
